timestamp,provider,model,duration_ms,ttft_ms,status,stop_reason,input_tokens,output_tokens,total_tokens,cost_usd,is_streaming,has_tools,has_thinking,preview_text
2026-02-26T08:12:57.343350,anthropic,claude-haiku-4-5-20251001,511.1711025238037,,success,max_tokens,8,1,9,1.04e-05,False,False,False,quota
2026-02-26T08:13:28.170708,anthropic,claude-opus-4-6,5507.828950881958,2465.934991836548,success,tool_use,3,224,227,0.102438,True,True,True,"<system-reminder>
The following skills are available for use with the Skill tool:

- keybindings-help: Use when the user wants to customize keyboard shortcuts, rebind keys, add chord bindings, or modi"
2026-02-26T08:13:39.885584,anthropic,claude-haiku-4-5-20251001,491.318941116333,380.0370693206787,success,end_turn,343,32,375,0.0004024,True,False,False,"Command: ls /Users/alx/Development/agenticloops-ai/agentlens/samples/claude/
Output: 2026-02-26T00-07-38
"
2026-02-26T08:13:46.330027,anthropic,claude-opus-4-6,6908.450603485107,5178.75075340271,success,tool_use,3,89,92,1.28192925,True,True,True,"<system-reminder>
The following skills are available for use with the Skill tool:

- keybindings-help: Use when the user wants to customize keyboard shortcuts, rebind keys, add chord bindings, or modi"
2026-02-26T08:13:49.852116,anthropic,claude-opus-4-6,3431.7541122436523,2367.7570819854736,success,tool_use,1,111,112,0.14859975,True,True,True,"<system-reminder>
The following skills are available for use with the Skill tool:

- keybindings-help: Use when the user wants to customize keyboard shortcuts, rebind keys, add chord bindings, or modi"
2026-02-26T08:13:50.452284,anthropic,claude-haiku-4-5-20251001,491.20020866394043,371.6573715209961,success,end_turn,354,32,386,0.00041119999999999997,True,False,False,"Command: ls /Users/alx/Development/agenticloops-ai/agentlens/samples/claude/2026-02-26T00-07-38/
Output: plan.csv
plan.json
plan.md
"
2026-02-26T08:14:11.339393,anthropic,claude-opus-4-6,21345.54386138916,2077.2390365600586,success,tool_use,1,1371,1372,0.2428695,True,True,True,"<system-reminder>
The following skills are available for use with the Skill tool:

- keybindings-help: Use when the user wants to customize keyboard shortcuts, rebind keys, add chord bindings, or modi"
2026-02-26T08:14:25.552055,anthropic,claude-opus-4-6,2865.366220474243,2128.0882358551025,success,tool_use,1,102,103,0.17195175,True,True,True,"<system-reminder>
The following skills are available for use with the Skill tool:

- keybindings-help: Use when the user wants to customize keyboard shortcuts, rebind keys, add chord bindings, or modi"
2026-02-26T08:14:33.394516,anthropic,claude-haiku-4-5-20251001,503.9410591125488,394.5779800415039,success,end_turn,338,32,370,0.00039840000000000003,True,False,False,"Command: chmod +x /Users/alx/Development/agenticloops-ai/agentlens/samples/claude/agent-loop.py
Output: 
"
2026-02-26T08:14:39.964807,anthropic,claude-opus-4-6,7036.219120025635,2146.137237548828,success,end_turn,1,213,214,0.1582335,True,True,True,"<system-reminder>
The following skills are available for use with the Skill tool:

- keybindings-help: Use when the user wants to customize keyboard shortcuts, rebind keys, add chord bindings, or modi"
2026-02-26T08:14:42.827780,anthropic,claude-opus-4-6,2771.437644958496,2697.720766067505,success,end_turn,71051,6,71057,1.100433,True,True,True,"<system-reminder>
The following skills are available for use with the Skill tool:

- keybindings-help: Use when the user wants to customize keyboard shortcuts, rebind keys, add chord bindings, or modi"
